item_name,item_category,item_price_AMBA,item_price_restoPBA,item_price_CCL,item_price_neaNOA,item_price_Patagonia
Aceite Girasol Cada Día x 1500 cc,Almacén,"$ 121,00","$ 125,24","$ 127,66","$ 129,47","$ 130,68"
Aceite Girasol Cada Día x 900 cc,Almacén,"$ 75,00","$ 77,63","$ 79,13","$ 80,25","$ 81,00"
Aceite Girasol Florencia x 1500 cc,Almacén,"$ 121,00","$ 125,24","$ 127,66","$ 129,47","$ 130,68"
Aceite Girasol Florencia x 900 cc,Almacén,"$ 75,00","$ 77,63","$ 79,13","$ 80,25","$ 81,00"
Aceite Girasol Ideal x 1500 cc,Almacén,"$ 121,00","$ 125,24","$ 127,66","$ 129,47","$ 130,68"
Aceite Girasol Ideal x 900 cc,Almacén,"$ 75,00","$ 77,63","$ 79,13","$ 80,25","$ 81,00"
Aceite Girasol Primor x 1500 cc,Almacén,"$ 121,00","$ 125,24","$ 127,66","$ 129,47","$ 130,68"
Aceite Girasol Primor x 900 cc,Almacén,"$ 75,00","$ 77,63","$ 79,13","$ 80,25","$ 81,00"
Aceto balsámico Monterrey x 250 cc,Almacén,"$ 77,00","$ 77,00","$ 77,00","$ 77,00","$ 77,00"
Acondicionador Balance doypack Polyana x 300 ml,Perfumería,"$ 50,00","$ 50,00","$ 50,00","$ 50,00","$ 50,00"
Acondicionador Coco y leche Algabo x 930 ml,Perfumería,"$ 81,00","$ 81,00","$ 81,00","$ 81,00","$ 81,00"
Acondicionador Hidratación Plusbelle x 1 lt,Perfumería,"$ 99,00","$ 99,00","$ 99,00","$ 99,00","$ 99,00"
Acondicionador Nutrición Sedal x 340 ml,Perfumería,"$ 120,00","$ 120,00","$ 120,00","$ 120,00","$ 120,00"
Agua de Mesa sin gas Nihuil x 2 lt,Bebidas,"$ 34,00","$ 35,19","$ 35,87","$ 36,38","$ 36,72"
"Agua Mineral Natural con gas Sierra de los Padres x 1,5 lt",Bebidas,"$ 41,00","$ 42,44","$ 43,26","$ 43,87","$ 44,28"
"Agua Mineral Natural sin gas Sierra de los Padres x 1,5 lt",Bebidas,"$ 41,00","$ 42,44","$ 43,26","$ 43,87","$ 44,28"
Agua Mineralizada Con gas Cellier Favaloro x 2 lt,Bebidas,"$ 34,00","$ 35,19","$ 35,87","$ 36,38","$ 36,72"
Agua Mineralizada Sin gas Cellier Favaloro x 2 lt,Bebidas,"$ 34,00","$ 35,19","$ 35,87","$ 36,38","$ 36,72"
Alfajor 6 unidades Tita x 36 gr,Almacén,"$ 134,00","$ 134,00","$ 134,00","$ 134,00","$ 134,00"
Algodón Hidrófilo clásico Doncella x 140 gr,Perfumería,"$ 77,00","$ 77,00","$ 77,00","$ 77,00","$ 77,00"
Anillo de coco Tía Maruca x 250 gr,Almacén,"$ 54,00","$ 55,89","$ 56,97","$ 57,78","$ 58,32"
Arroz Largo fino 00000 Primor x 1 kg,Almacén,"$ 53,50","$ 55,37","$ 56,44","$ 57,25","$ 57,78"
Arroz Largo fino Apóstoles x 1 kg,Almacén,"$ 54,50","$ 56,41","$ 57,50","$ 58,32","$ 58,86"
Arroz No se pasa Apóstoles x 1 kg,Almacén,"$ 64,00","$ 66,24","$ 67,52","$ 68,48","$ 69,12"
Arroz Parboil bolsa Gallo x 500 gr,Almacén,"$ 43,50","$ 45,02","$ 45,89","$ 46,55","$ 46,98"
Arroz Parboil Primor x 1 kg,Almacén,"$ 66,50","$ 68,83","$ 70,16","$ 71,16","$ 71,82"
Atún desmenuzado al natural Supermercado x 170 gr,Almacén,"$ 69,00","$ 69,00","$ 69,00","$ 69,00","$ 69,00"
Atún desmenuzado en aceite Supermercado x 170 gr,Almacén,"$ 69,00","$ 69,00","$ 69,00","$ 69,00","$ 69,00"
Bizcocho arroz azucarado Tía Maruca x 100 gr,Almacén,"$ 49,00","$ 50,72","$ 51,70","$ 52,43","$ 52,92"
Cacao en polvo Arcoa x 180 gr,Almacén,"$ 39,00","$ 39,00","$ 39,00","$ 39,00","$ 39,00"
Cacao en polvo Dulce Ravana x 180 gr,Almacén,"$ 34,00","$ 34,00","$ 34,00","$ 34,00","$ 34,00"
Café Molido La Morenita x 1 kg,Almacén,"$ 432,00","$ 432,00","$ 432,00","$ 432,00","$ 432,00"
Café Molido torrado suave Bonafide x 500 gr,Almacén,"$ 252,00","$ 252,00","$ 252,00","$ 252,00","$ 252,00"
Caldo Gallina Knorr x 12 un,Almacén,"$ 75,00","$ 75,00","$ 75,00","$ 75,00","$ 75,00"
Cebolla comercial Supermercado x 1 kg,Frutas y verduras,"$ 26,00","$ 26,91","$ 27,43","$ 27,82","$ 28,08"
Cepillo dental adulto 2-life IBC x 1 un,Perfumería,"$ 38,00","$ 38,00","$ 38,00","$ 38,00","$ 38,00"
Cepillo dental infantil 2-life IBC x 1 un,Perfumería,"$ 39,00","$ 39,00","$ 39,00","$ 39,00","$ 39,00"
Cerveza botella retornable Quilmes Bajo Cero x 1 lt,Bebidas con alcohol,"$ 85,00","$ 85,00","$ 85,00","$ 85,00","$ 85,00"
Cerveza porrón retornable Quilmes Clásica x 340 cc,Bebidas con alcohol,"$ 35,00","$ 35,00","$ 35,00","$ 35,00","$ 35,00"
Cerveza rubia botella retornable Isenbeck x 1 lt,Bebidas con alcohol,"$ 90,00","$ 90,00","$ 90,00","$ 90,00","$ 90,00"
Cerveza rubia en lata Isenbeck x 473 cc,Bebidas con alcohol,"$ 60,00","$ 60,00","$ 60,00","$ 60,00","$ 60,00"
Crema de leche Para cocinar tenor graso 20% La Armonía x 200 cc,Lácteos,"$ 71,00","$ 73,49","$ 74,91","$ 75,97","$ 76,68"
Crema de leche Sancor x 200 gr,Lácteos,"$ 79,00","$ 81,77","$ 83,35","$ 84,53","$ 85,32"
Desodorante Deo en aerosol AP antibacterial Rexona x 150 ml,Perfumería,"$ 99,00","$ 99,00","$ 99,00","$ 99,00","$ 99,00"
Desodorante Deo Protect & Care Fem Nivea x 150 ml,Perfumería,"$ 99,00","$ 99,00","$ 99,00","$ 99,00","$ 99,00"
Desodorante En aerosol body spray gold Axe x 150 ml,Perfumería,"$ 99,00","$ 99,00","$ 99,00","$ 99,00","$ 99,00"
Desodorante Men Deo Sensitive Nivea x 150 ml,Perfumería,"$ 99,00","$ 99,00","$ 99,00","$ 99,00","$ 99,00"
Desodorante Roll on Plusbelle Care x 50 ml,Perfumería,"$ 76,00","$ 76,00","$ 76,00","$ 76,00","$ 76,00"
Desodorante W Deo en aerosol AP antibacterial Rexona x 150 ml,Perfumería,"$ 99,00","$ 99,00","$ 99,00","$ 99,00","$ 99,00"
Dulce de batata Estuche Esnaola x 500 gr,Almacén,"$ 83,00","$ 83,00","$ 83,00","$ 83,00","$ 83,00"
Dulce de Leche Clásico La Armonía x 400 gr,Lácteos,"$ 91,00","$ 94,19","$ 96,01","$ 97,37","$ 98,28"
Dulce de Leche Tradicional Artesanal San Ignacio x 400 gr,Lácteos,"$ 91,00","$ 94,19","$ 96,01","$ 97,37","$ 98,28"
Dulce de membrillo Estuche Esnaola x 500 gr,Almacén,"$ 88,00","$ 88,00","$ 88,00","$ 88,00","$ 88,00"
Espinazo novillo Supermercado x 1 kg,Carnes y embutidos,"$ 65,00","$ 67,28","$ 68,58","$ 71,50","$ 71,50"
"Esponja Con fibra ""no raya"" Cuidado Azul Virulana x 1 un",Limpieza,"$ 41,50","$ 41,50","$ 41,50","$ 41,50","$ 41,50"
Esponja Con fibra Multiuso Virulana x 1 un,Limpieza,"$ 25,90","$ 25,90","$ 25,90","$ 25,90","$ 25,90"
Fajitas clásicas Tía Maruca x 150 gr,Almacén,"$ 55,00","$ 56,93","$ 58,03","$ 58,85","$ 59,40"
Fiambre de cerdo comercial Supermercado x 1 kg,Carnes y embutidos,"$ 219,00","$ 226,67","$ 231,05","$ 234,33","$ 234,33"
Fideos Codito Canale x 500 gr,Almacén,"$ 33,00","$ 34,16","$ 34,82","$ 35,31","$ 35,64"
Fideos Spaghetti Canale x 500 gr,Almacén,"$ 33,00","$ 34,16","$ 34,82","$ 35,31","$ 35,64"
Fideos Spaghetti Libre de Gluten Matarazzo x 500 gr,Almacén,"$ 108,00","$ 108,00","$ 108,00","$ 108,00","$ 108,00"
Fideos Tallarín Canale x 500 gr,Almacén,"$ 33,00","$ 34,16","$ 34,82","$ 35,31","$ 35,64"
Fideos Tirabuzón Canale x 500 gr,Almacén,"$ 33,00","$ 34,16","$ 34,82","$ 35,31","$ 35,64"
Fideos Tirabuzón Libre de Gluten Matarazzo x 500 gr,Almacén,"$ 108,00","$ 108,00","$ 108,00","$ 108,00","$ 108,00"
Flan Vainilla Ravana x 60 gr,Almacén,"$ 23,00","$ 23,00","$ 23,00","$ 23,00","$ 23,00"
Flan Vainilla Royal x 60 gr,Almacén,"$ 29,00","$ 29,00","$ 29,00","$ 29,00","$ 29,00"
Galleta Marinera clásica Tía Maruca x 350 gr,Almacén,"$ 86,00","$ 89,01","$ 90,73","$ 92,02","$ 92,88"
Galletitas de agua Pack x 3 Criollitas x 300 gr,Almacén,"$ 73,00","$ 73,00","$ 73,00","$ 73,00","$ 73,00"
Galletitas dulces Clásicas Lincoln x 153 gr,Almacén,"$ 52,00","$ 52,00","$ 52,00","$ 52,00","$ 52,00"
Galletitas dulces Clásicas Vocación x 170 gr,Almacén,"$ 27,50","$ 27,50","$ 27,50","$ 27,50","$ 27,50"
Galletitas dulces Rellenas Duquesa x 115 gr,Almacén,"$ 49,00","$ 49,00","$ 49,00","$ 49,00","$ 49,00"
Galletitas dulces Rellenas Rumba x 112 gr,Almacén,"$ 41,00","$ 41,00","$ 41,00","$ 41,00","$ 41,00"
Galletitas dulces surtidas Dale x 400 gr,Almacén,"$ 62,00","$ 64,17","$ 65,41","$ 66,34","$ 66,96"
Garbanzos Remojados Inalpa x 350 gr,Almacén,"$ 35,00","$ 35,00","$ 35,00","$ 35,00","$ 35,00"
"Gaseosa Cola Cunnington x 1,5 lt",Bebidas,"$ 53,00","$ 54,86","$ 55,92","$ 56,71","$ 57,24"
"Gaseosa Cola Cunnington x 2,25 lt",Bebidas,"$ 64,00","$ 66,24","$ 67,52","$ 68,48","$ 69,12"
"Gaseosa Cola original Coca Cola x 1,25 lt",Bebidas,"$ 82,00","$ 84,87",0,0,0
"Gaseosa Cola original Coca Cola x 1,5 lt",Bebidas,"$ 82,00","$ 84,87","$ 100,00","$ 100,00","$ 100,00"
"Gaseosa Cola sin azúcar Cunnington x 1,5 lt",Bebidas,"$ 53,00","$ 54,86","$ 55,92","$ 56,71","$ 57,24"
"Gaseosa Cola sin azúcar Cunnington x 2,25 lt",Bebidas,"$ 58,00","$ 60,03","$ 61,19","$ 62,06","$ 62,64"
"Gaseosa Lima limón light Cunnington x 2,25 lt",Bebidas,"$ 58,00","$ 60,03","$ 61,19","$ 62,06","$ 62,64"
"Gaseosa Naranja light Cunnington x 2,25 lt",Bebidas,"$ 58,00","$ 60,03","$ 61,19","$ 62,06","$ 62,64"
Gelatina Gelatina cereza Ravana x 50 gr,Almacén,"$ 34,00","$ 34,00","$ 34,00","$ 34,00","$ 34,00"
Harina de maíz LG Prestopronta x 750 gr,Almacén,"$ 81,00","$ 83,84","$ 85,46","$ 86,67","$ 87,48"
Harina de maíz Morixe x 500 gr,Almacén,"$ 32,00","$ 33,12","$ 33,76","$ 34,24","$ 34,56"
Harina de trigo 000 Morixe x 1 kg,Almacén,"$ 33,00","$ 34,16","$ 34,82","$ 35,31","$ 35,64"
Harina de trigo 0000 Morixe x 1 kg,Almacén,"$ 46,00","$ 47,61","$ 48,53","$ 49,22","$ 49,68"
Harina de trigo Leudante Morixe x 1 kg,Almacén,"$ 52,00","$ 53,82","$ 54,86","$ 55,64","$ 56,16"
Huevos blancos Supermercado x 6 un,Lácteos,"$ 59,00","$ 61,07","$ 62,25","$ 63,13","$ 63,13"
Insecticida Mata cucarachas Cuca Trap x 380 ml,Repelentes e insecticidas,"$ 120,00","$ 120,00","$ 120,00","$ 120,00","$ 120,00"
Insecticida Mata moscas y mosquitos Mosqui Trap x 370 ml,Repelentes e insecticidas,"$ 115,00","$ 115,00","$ 115,00","$ 115,00","$ 115,00"
Jabón de tocador Antibacterial aloe Rexona x 90 gr,Perfumería,"$ 39,00","$ 39,00","$ 39,00","$ 39,00","$ 39,00"
Jabón de tocador Antibacterial aloe x 3 un Rexona x 90 gr,Perfumería,"$ 99,00","$ 99,00","$ 99,00","$ 99,00","$ 99,00"
Jabón de tocador Fresia y Muguet Duc x 110 gr,Perfumería,"$ 23,50","$ 23,50","$ 23,50","$ 23,50","$ 23,50"
Jabón de tocador Lima y madreselva Duc x 110 gr,Perfumería,"$ 23,50","$ 23,50","$ 23,50","$ 23,50","$ 23,50"
Jabón de tocador Multicolor x 3 unid Kenia x 80 gr,Perfumería,"$ 49,50","$ 49,50","$ 49,50","$ 49,50","$ 49,50"
Jabón de tocador Sándalos y Casis Duc x 110 gr,Perfumería,"$ 23,50","$ 23,50","$ 23,50","$ 23,50","$ 23,50"
Jabón de tocador Ylang y Ambar Duc x 110 gr,Perfumería,"$ 23,50","$ 23,50","$ 23,50","$ 23,50","$ 23,50"
Jabón en pan para ropa Gigante x 120 gr,Limpieza,"$ 16,00","$ 16,00","$ 16,00","$ 16,00","$ 16,00"
Jabón en polvo Clásico Zorro x 800 gr,Limpieza,"$ 106,00","$ 106,00","$ 106,00","$ 106,00","$ 106,00"
Jabón en polvo Primer lavado Ala x 3 kg,Limpieza,"$ 369,00","$ 369,00","$ 369,00","$ 369,00","$ 369,00"
Jabón líquido de manos Doypack green tea Algabo x 300 ml,Perfumería,"$ 63,00","$ 63,00","$ 63,00","$ 63,00","$ 63,00"
Jabón líquido para ropa Baja espuma doypack Ala x 1400 ml,Limpieza,"$ 205,00","$ 205,00","$ 205,00","$ 205,00","$ 205,00"
Jabón líquido para ropa Baja espuma doypack Ecovita x 1500 ml,Limpieza,"$ 158,00","$ 158,00","$ 158,00","$ 158,00","$ 158,00"
Jabón líquido para ropa Doypack Ace x 1400 ml,Limpieza,"$ 204,00","$ 204,00","$ 204,00","$ 204,00","$ 204,00"
Jabón líquido para ropa Doypack Netic x 3 lt,Limpieza,"$ 295,00","$ 295,00","$ 295,00","$ 295,00","$ 295,00"
Jabón líquido para ropa Doypack Netic x 800 ml,Limpieza,"$ 90,00","$ 90,00","$ 90,00","$ 90,00","$ 90,00"
Jugo de limón Menoyo x 250 cc,Almacén,"$ 72,00","$ 72,00","$ 72,00","$ 72,00","$ 72,00"
Jugo en polvo Naranja Dulce Arcor x 20 gr,Almacén,"$ 11,00","$ 11,00","$ 11,00","$ 11,00","$ 11,00"
Jugo en Polvo Naranja Verao x 10 gr,Almacén,"$ 6,00","$ 6,00","$ 6,00","$ 6,00","$ 6,00"
Jugo listo Manzana Del Valle x 1 lt,Bebidas,"$ 49,50","$ 51,23","$ 52,22","$ 52,97","$ 53,46"
Jugo listo Multifruta Del Valle x 1 lt,Bebidas,"$ 49,50","$ 51,23","$ 52,22","$ 52,97","$ 53,46"
Jugo listo Naranja Del Valle x 1 lt,Bebidas,"$ 49,50","$ 51,23","$ 52,22","$ 52,97","$ 53,46"
Lavandina Común Odex x 2 lt,Limpieza,"$ 86,00","$ 89,01","$ 90,73","$ 92,02","$ 92,88"
Lavandina Tradicional concentrada Ayudín x 1 lt,Limpieza,"$ 37,50","$ 38,81","$ 39,56","$ 40,13","$ 40,50"
Lavavajilla Limón Ala Ultra x 500 ml,Limpieza,"$ 70,00","$ 70,00","$ 70,00","$ 70,00","$ 70,00"
Lavavajilla Limón Gigante x 545 cc,Limpieza,"$ 80,00","$ 80,00","$ 80,00","$ 80,00","$ 80,00"
Lavavajilla Limón Zorro Ultra x 300 ml,Limpieza,"$ 58,00","$ 58,00","$ 58,00","$ 58,00","$ 58,00"
Leche chocolatada Tregar x 1 lt,Lácteos,"$ 82,00","$ 84,87","$ 86,51","$ 87,74","$ 88,56"
Leche en polvo Descremada 0% Mg Manfrey x 400 gr,Lácteos,0,0,"$ 195,00","$ 197,77",0
Leche en polvo Entera 26% Mg Inst. Fortif. C/Vit A&D Manfrey x 400 gr,Lácteos,0,0,"$ 195,00","$ 197,77",0
Leche en polvo Entera Ilolay x 400 gr,Lácteos,"$ 178,00","$ 184,23","$ 187,79","$ 190,46","$ 192,24"
Leche en polvo Entera Inst. Fortificada con Vit. A y D Pouch Purísima x 400 gr,Lácteos,"$ 173,00","$ 179,06","$ 182,52","$ 185,11","$ 186,84"
Leche Fresca Entera tenor graso 3% Armonía x 1 lt,Lácteos,"$ 40,25","$ 41,66","$ 42,46",0,0
Leche Fresca Parcialmente Descremada tenor graso 1% Armonía x 1 lt,Lácteos,"$ 40,25","$ 41,66","$ 42,46",0,0
Leche Fresca Parcialmente Descremada tenor graso 2% Armonía x 1 lt,Lácteos,"$ 40,25","$ 41,66","$ 42,46",0,0
Leche larga vida Entera Diáfana x 1 lt,Lácteos,0,0,"$ 49,00",0,0
Leche larga vida Entera UHT Apóstoles x 1 lt,Lácteos,"$ 45,00","$ 46,58","$ 47,48","$ 48,15","$ 48,60"
Leche larga vida Parcialmente descremada Diáfana x 1 lt,Lácteos,0,0,"$ 49,00",0,0
Leche larga vida Parcialmente descremada UHT Apóstoles x 1 lt,Lácteos,"$ 45,00","$ 46,58","$ 47,48","$ 48,15","$ 48,60"
Lechuga Supermercado x 1 kg,Frutas y verduras,"$ 59,00","$ 61,07","$ 62,25","$ 63,13","$ 63,72"
Limpiador Baño doypack Ecovita x 500 ml,Limpieza,"$ 53,00","$ 53,00","$ 53,00","$ 53,00","$ 53,00"
Limpiador Baño doypack Odex x 450 ml,Limpieza,"$ 54,00","$ 54,00","$ 54,00","$ 54,00","$ 54,00"
Limpiador Cocina Antigrasa doypack Odex x 450 ml,Limpieza,"$ 54,00","$ 54,00","$ 54,00","$ 54,00","$ 54,00"
Limpiador Cocina Cocina doypack Ecovita x 500 ml,Limpieza,"$ 53,00","$ 53,00","$ 53,00","$ 53,00","$ 53,00"
Limpiador Cremoso Flores naranja con microscopio Cif x 500 ml,Limpieza,"$ 90,00","$ 90,00","$ 90,00","$ 90,00","$ 90,00"
Limpiador de piso Colores Citrus NH3 x 1800 cc,Limpieza,"$ 90,00","$ 90,00","$ 90,00","$ 90,00","$ 90,00"
Limpiador de piso Con Amoníaco botella NH3 x 900 cc,Limpieza,"$ 90,00","$ 90,00","$ 90,00","$ 90,00","$ 90,00"
Limpiador de piso Lavanda en botella Ecovita x 900 ml,Limpieza,"$ 60,00","$ 60,00","$ 60,00","$ 60,00","$ 60,00"
Limpiador de piso Lavanda Mr Músculo x 1800 cc,Limpieza,"$ 115,00","$ 115,00","$ 115,00","$ 115,00","$ 115,00"
Limpiador Vidrios doypack Ecovita x 500 ml,Limpieza,"$ 53,00","$ 53,00","$ 53,00","$ 53,00","$ 53,00"
Limpiador Vidrios doypack Odex x 450 ml,Limpieza,"$ 54,00","$ 54,00","$ 54,00","$ 54,00","$ 54,00"
Limpiador Vidrios y multiuso doypcak Procenex x 820 ml,Limpieza,"$ 99,00","$ 99,00","$ 99,00","$ 99,00","$ 99,00"
Limpiador Vidrios y multiuso repuesto doypack Mr Músculo x 450 ml,Limpieza,"$ 46,50","$ 46,50","$ 46,50","$ 46,50","$ 46,50"
Manteca Primer Premio x 200 gr,Lácteos,"$ 94,00","$ 97,76","$ 97,76","$ 97,76","$ 97,76"
Manteca Sancor x 100 gr,Lácteos,"$ 69,00","$ 71,76","$ 71,76","$ 71,76","$ 71,76"
Manzana comercial Supermercado x 1 kg,Frutas y verduras,"$ 50,00","$ 51,75","$ 52,75","$ 53,50","$ 54,00"
Mate Cocido Saquitos Chamigo x 25 un,Almacén,"$ 36,00","$ 37,26","$ 37,98","$ 38,52","$ 38,88"
Mate cocido Saquitos Playadito x 50 un,Almacén,"$ 100,00","$ 103,50","$ 105,50","$ 107,00","$ 108,00"
Mate cocido Suave Unión x 25 un,Almacén,"$ 50,00","$ 51,75","$ 52,75","$ 53,50","$ 54,00"
Mayonesa Sin tacc doypack Fanacoa x 475 gr,Almacén,"$ 62,00","$ 62,00","$ 62,00","$ 62,00","$ 62,00"
Medallones de carne 276 gr Swift x 4 un,Carnes y embutidos,"$ 115,00","$ 119,03","$ 121,33","$ 123,05","$ 124,20"
Medallón de carne Express 276 gr Paty x 4 un,Carnes y embutidos,"$ 150,00","$ 155,25","$ 158,25","$ 160,50","$ 162,00"
Mermelada Ciruela Arcor x 454 gr,Almacén,"$ 95,00","$ 95,00","$ 95,00","$ 95,00","$ 95,00"
Mermelada Durazno Arcor x 454 gr,Almacén,"$ 95,00","$ 95,00","$ 95,00","$ 95,00","$ 95,00"
Mermelada Familiar Durazno en frasco Dulcor x 454 gr,Almacén,"$ 75,00","$ 75,00","$ 75,00","$ 75,00","$ 75,00"
Oblea Rellena con pasta de Turrón y Maní Billiken x 25 gr,Almacén,"$ 9,00","$ 9,00","$ 9,00","$ 9,00","$ 9,00"
Oleo calcáreo Botella Sanicare x 1000 ml,Bebés,"$ 166,00","$ 166,00","$ 166,00","$ 166,00","$ 166,00"
Oleo calcáreo Botella Sanicare x 220 ml,Bebés,"$ 76,00","$ 76,00","$ 76,00","$ 76,00","$ 76,00"
Oleo calcáreo Doypack Sanicare x 500 ml,Bebés,"$ 108,00","$ 108,00","$ 108,00","$ 108,00","$ 108,00"
Orégano Sobre La Parmesana x 25 gr,Almacén,"$ 32,00","$ 32,00","$ 32,00","$ 32,00","$ 32,00"
Pan lactal De Mesa Chico Lactal x 335 gr,Panificados,"$ 67,00","$ 67,00","$ 67,00","$ 67,00","$ 67,00"
Pan lactal De Mesa Grande Lactal x 560 gr,Panificados,"$ 124,00","$ 124,00","$ 124,00","$ 124,00","$ 124,00"
Pan lactal De Salvado Chico Lactal x 350 gr,Panificados,"$ 73,00","$ 73,00","$ 73,00","$ 73,00","$ 73,00"
Pan lactal De Salvado Grande Lactal x 630 gr,Panificados,"$ 136,00","$ 136,00","$ 136,00","$ 136,00","$ 136,00"
Pan lactal Familiar Veneziana x 600 gr,Panificados,"$ 105,00","$ 108,68","$ 110,78","$ 112,35","$ 113,40"
Pan para hamburguesa Lactal x 210 gr,Panificados,"$ 52,00","$ 52,00","$ 52,00","$ 52,00","$ 52,00"
Pan para hamburguesa Veneziana x 210 gr,Panificados,"$ 45,00","$ 46,58","$ 47,48","$ 48,15","$ 48,60"
Pan para pancho Lactal x 210 gr,Panificados,"$ 52,00","$ 52,00","$ 52,00","$ 52,00","$ 52,00"
Pan para pancho Veneziana x 210 gr,Panificados,"$ 45,00","$ 46,58","$ 47,48","$ 48,15","$ 48,60"
Pan rallado Mama Cocina x 1 kg,Almacén,"$ 115,00","$ 119,03","$ 121,33","$ 123,05","$ 124,20"
Pan rallado Morixe x 1 kg,Almacén,"$ 89,00","$ 92,12","$ 93,90","$ 95,23","$ 96,12"
Pan rallado Morixe x 500 gr,Almacén,"$ 54,00","$ 55,89","$ 56,97","$ 57,78","$ 58,32"
Papa comercial Supermercado x 1 kg,Frutas y verduras,"$ 26,00","$ 26,91","$ 27,43","$ 27,82","$ 28,08"
Papel higiénico Doble hoja 20 mts Elite x 4 un,Limpieza,"$ 90,00","$ 93,15","$ 94,95","$ 96,30","$ 97,20"
Papel higiénico Doble hoja blanco 30 mts Sweety x 4 un,Limpieza,"$ 112,00","$ 115,92","$ 118,16","$ 119,84","$ 120,96"
Papel higiénico Doble hoja blanco 50 mts Campanita XL x 4 un,Limpieza,"$ 214,00","$ 221,49","$ 225,77","$ 228,98","$ 231,12"
Papel higiénico Hoja Simple Flor Cadenas 80 mts Elite x 4 un,Limpieza,"$ 130,00","$ 134,55","$ 137,15","$ 139,10","$ 140,40"
Pasta dental 2 Fluor Fresh Dent x 140 gr,Perfumería,"$ 103,00","$ 103,00","$ 103,00","$ 103,00","$ 103,00"
Pasta dental Dientes blanco Odol x 90 gr,Perfumería,"$ 79,00","$ 79,00","$ 79,00","$ 79,00","$ 79,00"
"Pasta dental Kid´s con fluor, sabor Tutti Frutti Fresh Dent x 90 gr",Perfumería,"$ 70,00","$ 70,00","$ 70,00","$ 70,00","$ 70,00"
Pasta dental Ultra blanqueadora Colgate x 90 gr,Perfumería,"$ 141,00","$ 141,00","$ 141,00","$ 141,00","$ 141,00"
Pañales descartables Supersec Talle G Pampers x 46 un,Bebés,"$ 650,00","$ 650,00","$ 650,00","$ 650,00","$ 650,00"
Pañales descartables Supersec Talle M Pampers x 54 un,Bebés,"$ 650,00","$ 650,00","$ 650,00","$ 650,00","$ 650,00"
Pañales descartables Supersec Talle P Pampers x 30 un,Bebés,"$ 360,00","$ 360,00","$ 360,00","$ 360,00","$ 360,00"
Pañales descartables Supersec Talle XG Pampers x 36 un,Bebés,"$ 650,00","$ 650,00","$ 650,00","$ 650,00","$ 650,00"
Pañales descartables Supersec Talle XXG Pampers x 34 un,Bebés,"$ 650,00","$ 650,00","$ 650,00","$ 650,00","$ 650,00"
Pañales descartables Triple Protección G Huggies x 22 un,Bebés,"$ 330,00","$ 330,00","$ 330,00","$ 330,00","$ 330,00"
Pañales descartables Triple Protección M Huggies x 26 un,Bebés,"$ 330,00","$ 330,00","$ 330,00","$ 330,00","$ 330,00"
Pañales descartables Triple Protección XG Huggies x 18 un,Bebés,"$ 330,00","$ 330,00","$ 330,00","$ 330,00","$ 330,00"
Pañales descartables Triple Protección XXG Huggies x 17 un,Bebés,"$ 330,00","$ 330,00","$ 330,00","$ 330,00","$ 330,00"
Pañales descartables Ultrasec Talle G Babysec x 22 un,Bebés,"$ 305,00","$ 305,00","$ 305,00","$ 305,00","$ 305,00"
Pañales descartables Ultrasec Talle M Babysec x 26 un,Bebés,"$ 305,00","$ 305,00","$ 305,00","$ 305,00","$ 305,00"
Pañales descartables Ultrasec Talle XG Babysec x 18 un,Bebés,"$ 305,00","$ 305,00","$ 305,00","$ 305,00","$ 305,00"
Pañales descartables Ultrasec Talle XXG Babysec x 16 un,Bebés,"$ 305,00","$ 305,00","$ 305,00","$ 305,00","$ 305,00"
Paño Amarillo Multiuso Twist Virulana x 1 un,Limpieza,"$ 43,90","$ 43,90","$ 43,90","$ 43,90","$ 43,90"
Pañuelos descartables Doble hoja Campanita Box x 75 un,Limpieza,"$ 40,00","$ 40,00","$ 40,00","$ 40,00","$ 40,00"
Pañuelos descartables Minipocket Elite x 6 un,Limpieza,"$ 45,00","$ 45,00","$ 45,00","$ 45,00","$ 45,00"
Pepas con membrillo Tía Maruca x 250 gr,Almacén,"$ 54,00","$ 55,89","$ 56,97","$ 57,78","$ 58,32"
Picada común Supermercado x 1 kg,Carnes y embutidos,"$ 169,00","$ 174,92","$ 178,30","$ 185,90","$ 185,90"
Pollo Entero aditivado con menudos fresco o congelado Supermercado x 1 kg,Carnes y embutidos,"$ 108,00","$ 111,78","$ 113,94","$ 115,56","$ 116,64"
Postre Arroz con leche clásico Sublime x 160 gr,Lácteos,"$ 40,00","$ 40,00","$ 40,00","$ 40,00","$ 40,00"
Postre Chocolate Blanco con Dulce de Leche x 2 unidades Sublime x 100 gr,Lácteos,"$ 48,50","$ 50,44","$ 50,44","$ 50,44","$ 50,44"
Postre Chocolate con Dulce de Leche Shimy x 120 gr,Lácteos,"$ 36,00","$ 37,44","$ 37,44","$ 37,44","$ 37,44"
Postre Chocolate con Dulce de Leche x 2 unidades Sublime x 100 gr,Lácteos,"$ 48,50","$ 50,44","$ 50,44","$ 50,44","$ 50,44"
Postre Chocolate Shimy x 120 gr,Lácteos,"$ 36,00","$ 37,44","$ 37,44","$ 37,44","$ 37,44"
Postre Dulce de Leche con Dulce de Leche x 2 unidades Sublime x 100 gr,Lácteos,"$ 48,50","$ 50,44","$ 50,44","$ 50,44","$ 50,44"
Postre Dulce de Leche Shimy x 120 gr,Lácteos,"$ 36,00","$ 37,44","$ 37,44","$ 37,44","$ 37,44"
Postre Flan vainilla con caramelo x 2 unidades Sublime x 100 gr,Lácteos,"$ 60,00","$ 60,00","$ 60,00","$ 60,00","$ 60,00"
Postre Lácteo Dulce de Leche Manfrey x 120 gr,Lácteos,0,0,"$ 27,00","$ 27,00",0
Postre Lácteo Vainilla Manfrey x 120 gr,Lácteos,0,0,"$ 27,00","$ 27,00",0
Postre Vainilla con Dulce de Leche Shimy x 120 gr,Lácteos,"$ 36,00","$ 37,44","$ 37,44","$ 37,44","$ 37,44"
Postre Vainilla con Dulce de Leche x 2 unidades Sublime x 100 gr,Lácteos,"$ 48,50","$ 50,44","$ 50,44","$ 50,44","$ 50,44"
Postre Vainilla Ravana x 120 gr,Almacén,"$ 23,00","$ 23,00","$ 23,00","$ 23,00","$ 23,00"
Postre Vainilla Shimy x 120 gr,Lácteos,"$ 36,00","$ 37,44","$ 37,44","$ 37,44","$ 37,44"
Premezclas Chipa Lucchetti x 250 gr,Almacén,"$ 135,00","$ 135,00","$ 135,00","$ 135,00","$ 135,00"
Preservativos Ultra finos Tulipán x 6 un,Perfumería,"$ 160,00","$ 160,00","$ 160,00","$ 160,00","$ 160,00"
Protector diario Clásicos con gel absorvente Ladysoft x 20 un,Perfumería,"$ 65,00","$ 65,00","$ 65,00","$ 65,00","$ 65,00"
Protector diario Pocket anatómico c/deo Doncella x 20 un,Perfumería,"$ 50,00","$ 50,00","$ 50,00","$ 50,00","$ 50,00"
Protector diario Pocket anatómico s/deo Doncella x 20 un,Perfumería,"$ 50,00","$ 50,00","$ 50,00","$ 50,00","$ 50,00"
Protector solar Sun Protect & Hydrate 15 FPS Nivea x 200 ml,Perfumería,"$ 415,00","$ 415,00","$ 415,00","$ 415,00","$ 415,00"
Protector solar Sun Protect & Hydrate 30 FPS Nivea x 200 ml,Perfumería,"$ 470,00","$ 470,00","$ 470,00","$ 470,00","$ 470,00"
Puré de papas Morixe x 125 gr,Almacén,"$ 58,00","$ 60,03","$ 61,19","$ 62,06","$ 62,64"
Puré de papas Morixe x 200 gr,Almacén,"$ 93,00","$ 96,26","$ 98,12","$ 99,51","$ 100,44"
Queso cremoso Horma La Paulina x 1 kg,Lácteos,"$ 329,00","$ 340,52","$ 347,10","$ 352,03","$ 355,32"
Queso de máquina comercial Supermercado x 1 kg,Lácteos,"$ 359,00","$ 371,57","$ 378,75","$ 384,13","$ 387,72"
Queso port salut Light horma La Paulina x 1 kg,Lácteos,"$ 370,00","$ 382,95","$ 390,35","$ 395,90","$ 399,60"
Queso rallado Ilolay x 120 gr,Lácteos,"$ 125,00","$ 125,00","$ 125,00","$ 125,00","$ 125,00"
Queso rallado La Paulina x 150 gr,Lácteos,"$ 161,00","$ 161,00","$ 161,00","$ 161,00","$ 161,00"
Queso rallado Reggianito Sancor x 190 gr,Lácteos,"$ 200,00","$ 200,00","$ 200,00","$ 200,00","$ 200,00"
Queso untable Crematto light Milkaut x 290 gr,Lácteos,"$ 110,00","$ 113,85","$ 116,05","$ 117,70","$ 118,80"
Queso untable Crematto Milkaut x 290 gr,Lácteos,"$ 110,00","$ 113,85","$ 116,05","$ 117,70","$ 118,80"
Queso untable Entero San Ignacio x 480 gr,Lácteos,"$ 138,00","$ 142,83","$ 145,59","$ 147,66","$ 149,04"
Queso untable García x 290 gr,Lácteos,"$ 116,00","$ 120,06","$ 122,38","$ 124,12","$ 125,28"
Rebozador Morixe x 1 kg,Almacén,"$ 89,00","$ 92,12","$ 93,90","$ 95,23","$ 96,12"
Rebozador Morixe x 500 gr,Almacén,"$ 54,00","$ 55,89","$ 56,97","$ 57,78","$ 58,32"
Repelente Aerosol Fuyí x 165 ml,Repelentes e insecticidas,"$ 76,50","$ 76,50","$ 76,50","$ 76,50","$ 76,50"
Repelente Crema en pomo Vais x 200 gr,Repelentes e insecticidas,"$ 85,00","$ 85,00","$ 85,00","$ 85,00","$ 85,00"
Repelente Kids Vais x 200 ml,Repelentes e insecticidas,"$ 106,00","$ 106,00","$ 106,00","$ 106,00","$ 106,00"
Repelente Líquido en spray Vais x 200 ml,Repelentes e insecticidas,"$ 91,00","$ 91,00","$ 91,00","$ 91,00","$ 91,00"
Roast beef novillo Supermercado x 1 kg,Carnes y embutidos,"$ 229,00","$ 237,02","$ 241,60","$ 251,90","$ 251,90"
Rollo de cocina 60 paños Elite x 3 un,Limpieza,"$ 99,00","$ 102,47","$ 104,45","$ 105,93","$ 106,92"
Rollo de cocina 60 paños Sweety x 3 un,Limpieza,"$ 91,00","$ 94,19","$ 96,01","$ 97,37","$ 98,28"
Sal fina Dos Anclas x 500 gr,Almacén,"$ 35,00","$ 35,00","$ 35,00","$ 35,00","$ 35,00"
Sal fina Estuche Celusal x 500 gr,Almacén,"$ 43,00","$ 43,00","$ 43,00","$ 43,00","$ 43,00"
Salchichas Fun 190 gr Patyviena x 6 un,Carnes y embutidos,"$ 75,00","$ 77,63","$ 79,13","$ 80,25","$ 81,00"
Salchichas Junior 190 gr Swift x 6 un,Carnes y embutidos,"$ 65,00","$ 67,28","$ 68,58","$ 69,55","$ 70,20"
Servilletas Blanca Elite x 70 un,Limpieza,"$ 52,00","$ 53,82","$ 54,86","$ 55,64","$ 56,16"
Shampoo Balance doypack Polyana x 300 ml,Perfumería,"$ 50,00","$ 50,00","$ 50,00","$ 50,00","$ 50,00"
Shampoo Hidratación Plusbelle x 1 lt,Perfumería,"$ 99,00","$ 99,00","$ 99,00","$ 99,00","$ 99,00"
Shampoo infantil 3 en 1 PH balanceado Suave kids x 200 ml,Perfumería,"$ 105,00","$ 105,00","$ 105,00","$ 105,00","$ 105,00"
Shampoo infantil Cabellos perfumados Johnson & Johnson x 200 ml,Perfumería,"$ 145,00","$ 145,00","$ 145,00","$ 145,00","$ 145,00"
Shampoo infantil Sandía dulce Algabo Kids x 350 ml,Perfumería,"$ 95,00","$ 95,00","$ 95,00","$ 95,00","$ 95,00"
Shampoo Nutrición Sedal x 340 ml,Perfumería,"$ 120,00","$ 120,00","$ 120,00","$ 120,00","$ 120,00"
Shampoo para bebé Extra suave Algabo Baby x 444 ml,Bebés,"$ 110,00","$ 110,00","$ 110,00","$ 110,00","$ 110,00"
Suavizante Felices sueños doypack Vivere x 450 ml,Limpieza,"$ 132,00","$ 132,00","$ 132,00","$ 132,00","$ 132,00"
Suavizante Jardín de geranios Zorro x 900 ml,Limpieza,"$ 80,00","$ 80,00","$ 80,00","$ 80,00","$ 80,00"
Tabletas para mosquitos Repuesto Raid x 24 un,Repelentes e insecticidas,"$ 132,00","$ 132,00","$ 132,00","$ 132,00","$ 132,00"
Tampones Tamaño medio Intima x 16 un,Perfumería,"$ 99,00","$ 99,00","$ 99,00","$ 99,00","$ 99,00"
Tampones Tamaño medio Intima x 8 un,Perfumería,"$ 56,00","$ 56,00","$ 56,00","$ 56,00","$ 56,00"
Tampones Tamaño super Intima x 16 un,Perfumería,"$ 99,00","$ 99,00","$ 99,00","$ 99,00","$ 99,00"
Tampones Tamaño super Intima x 8 un,Perfumería,"$ 56,00","$ 56,00","$ 56,00","$ 56,00","$ 56,00"
Tapa de Asado novillo Supermercado x 1 kg,Carnes y embutidos,"$ 229,00","$ 237,02","$ 241,60","$ 251,90","$ 251,90"
Tapa de tarta Criolla Don Celedonio x 360 gr,Almacén,"$ 54,00","$ 55,89","$ 56,97","$ 57,78","$ 58,32"
Tapa de tarta Pascualina mediana Mendía x 230 gr,Almacén,"$ 41,00","$ 42,44","$ 43,26","$ 43,87","$ 44,28"
Tapas de empanadas Hojaldre Don Celedonio x 15 un,Almacén,"$ 55,00","$ 56,93","$ 58,03","$ 58,85","$ 59,40"
Tapas de empanadas Mendía x 12 un,Almacén,"$ 46,50","$ 48,13","$ 49,06","$ 49,76","$ 50,22"
Tapas de pastel Mendía x 24 un,Almacén,"$ 67,50","$ 69,86","$ 71,21","$ 72,23","$ 72,90"
Toalla Femenina Confort Normales Tela Suave con Alas x 8 unidades Ladysoft x 8 un,Perfumería,"$ 49,00","$ 49,00","$ 49,00","$ 49,00","$ 49,00"
Toalla Femenina Especial Suave con Alas Siempre Libre x 8 un,Perfumería,"$ 67,00","$ 67,00","$ 67,00","$ 67,00","$ 67,00"
Toalla Femenina Pocket normal con alas duopack tela suave sin deo Doncella x 16 un,Perfumería,"$ 58,00","$ 58,00","$ 58,00","$ 58,00","$ 58,00"
Toalla Femenina Pocket ultrafinas tela suave Doncella x 8 un,Perfumería,"$ 41,00","$ 41,00","$ 41,00","$ 41,00","$ 41,00"
Toalla femenina Protección plus suave Always x 16 un,Perfumería,"$ 100,00","$ 100,00","$ 100,00","$ 100,00","$ 100,00"
Toallas húmedas Doypack Sanicare x 100 un,Bebés,"$ 74,00","$ 74,00","$ 74,00","$ 74,00","$ 74,00"
Toallas húmedas FP Sanicare x 100 un,Bebés,"$ 144,00","$ 144,00","$ 144,00","$ 144,00","$ 144,00"
Tostada de arroz con sal Tía Maruca x 120 gr,Almacén,"$ 56,00","$ 57,96","$ 59,08","$ 59,92","$ 60,48"
Tostada de arroz grande Tía Maruca x 160 gr,Almacén,"$ 96,00","$ 99,36","$ 101,28","$ 102,72","$ 103,68"
Tostada de arroz sin sal Tía Maruca x 120 gr,Almacén,"$ 56,00","$ 57,96","$ 59,08","$ 59,92","$ 60,48"
Té común Saquitos La Morenita x 25 un,Almacén,"$ 32,00","$ 33,12","$ 33,76","$ 34,24","$ 34,56"
Té común Saquitos Taraguí x 25 un,Almacén,"$ 39,00","$ 40,37","$ 41,15","$ 41,73","$ 42,12"
Vinagre De alcohol Alcazar x 500 cc,Almacén,"$ 25,00","$ 25,88","$ 26,38","$ 26,75","$ 27,00"
Vinagre De manzana Alcazar x 1000 cc,Almacén,"$ 72,00","$ 74,52","$ 75,96","$ 77,04","$ 77,76"
Vino Blanco Tetrabrick Arizu x 1 lt,Bebidas con alcohol,"$ 55,00","$ 56,93","$ 58,03","$ 58,85","$ 59,40"
Vino Blanco Tetrabrick Crespi x 1 lt,Bebidas con alcohol,"$ 55,00","$ 56,93","$ 58,03","$ 58,85","$ 59,40"
Vino Tinto Clásico Resero x 1125 ml,Bebidas con alcohol,"$ 75,00","$ 77,63","$ 79,13","$ 80,25","$ 81,00"
Vino Tinto Tetrabrick Arizu x 1 lt,Bebidas con alcohol,"$ 55,00","$ 56,93","$ 58,03","$ 58,85","$ 59,40"
Vino Tinto Tetrabrick Crespi x 1 lt,Bebidas con alcohol,"$ 55,00","$ 56,93","$ 58,03","$ 58,85","$ 59,40"
Vino Tinto Tradicional Michel Torino x 1125 ml,Bebidas con alcohol,"$ 94,00","$ 97,29","$ 99,17","$ 100,58","$ 101,52"
Yerba mate Compuesta elaborada con palo Chamigo x 500 gr,Almacén,"$ 89,00","$ 92,12","$ 93,90","$ 95,23","$ 96,12"
Yerba mate Con palo suave Unión x 1 kg,Almacén,"$ 225,00","$ 232,88","$ 237,38","$ 240,75","$ 243,00"
Yerba mate Junior Rosamonte x 1 kg,Almacén,"$ 193,00","$ 199,76","$ 203,62","$ 206,51","$ 208,44"
Yerba mate Junior Rosamonte x 500 gr,Almacén,"$ 100,00","$ 103,50","$ 105,50","$ 107,00","$ 108,00"
Yerba mate Suave compuesta elaborada con palo Nobleza Gaucha x 500 gr,Almacén,"$ 100,00","$ 103,50","$ 105,50","$ 107,00","$ 108,00"
Yerba mate Tradicional Amanda x 500 gr,Almacén,"$ 112,50","$ 116,44","$ 118,69","$ 120,38","$ 121,50"
Yogur batido Entero Frutilla 2 x 120 gr Ilolay x 240 gr,Lácteos,"$ 39,00","$ 40,37","$ 41,15","$ 41,73","$ 42,12"
Yogur batido Entero Vainilla 2 x 120 gr Ilolay x 240 gr,Lácteos,"$ 39,00","$ 40,37","$ 41,15","$ 41,73","$ 42,12"
Yogur Bebible descremado Frutilla Sachet Vida x 900 gr,Lácteos,"$ 77,00","$ 79,70","$ 81,24","$ 82,39","$ 83,16"
Yogur Bebible descremado Frutos del Bosque Sachet Vida x 900 gr,Lácteos,"$ 77,00","$ 77,00","$ 81,24","$ 82,39","$ 83,16"
Yogur Bebible descremado Vainilla Sachet Vida x 900 gr,Lácteos,"$ 77,00","$ 77,00","$ 81,24","$ 82,39","$ 83,16"
Yogur bebible Tetratop Descremado Frutilla Ilolay x 1 kg,Lácteos,"$ 74,50","$ 77,11","$ 78,60","$ 79,72","$ 80,46"
Yogur bebible Tetratop Descremado Vainilla Ilolay x 1 kg,Lácteos,"$ 74,50","$ 77,11","$ 78,60","$ 79,72","$ 80,46"
Yogur bebible Tetratop Entero Durazno Ilolay x 1 kg,Lácteos,"$ 74,50","$ 77,11","$ 78,60","$ 79,72","$ 80,46"
Yogur bebible Tetratop Entero Frutilla Ilolay x 1 kg,Lácteos,"$ 74,50","$ 77,11","$ 78,60","$ 79,72","$ 80,46"
Yogur bebible Tetratop Entero Vainilla Ilolay x 1 kg,Lácteos,"$ 74,50","$ 77,11","$ 78,60","$ 79,72","$ 80,46"
Yogur Cremoso entero Vainilla x 2 unidades Primeros Sabores x 120 gr,Lácteos,"$ 45,00","$ 46,58","$ 47,48","$ 48,15","$ 48,60"
Yogur Firme descremado frutilla pote Vida x 190 gr,Lácteos,"$ 36,00","$ 36,00","$ 36,00","$ 36,00","$ 36,00"
Yogur firme Entero Frutilla 2 x 120 gr Ilolay x 240 gr,Lácteos,"$ 39,00","$ 40,37","$ 41,15","$ 41,73","$ 42,12"
Yogur firme Entero Vainilla 2 x 120 gr Ilolay x 240 gr,Lácteos,"$ 39,00","$ 40,37","$ 41,15","$ 41,73","$ 42,12"
Zapallo anco comercial Supermercado x 1 kg,Frutas y verduras,"$ 46,00","$ 47,61","$ 48,53","$ 49,22","$ 49,68"
